{
  "mclean": {
    "XGB_base": {
      "accuracy": 0.45916666666666667,
      "kappa": 0.38170847888218484,
      "f1_macro": 0.48850647086933074,
      "f1_weighted": 0.48850647086933063,
      "n_test": 1200,
      "county": "McLean County, IL  (in-distribution)",
      "label_year": 2024,
      "image_year": 2024
    },
    "XGB_weighted": {
      "accuracy": 0.4925,
      "kappa": 0.41926255562619186,
      "f1_macro": 0.522413115972115,
      "f1_weighted": 0.522413115972115,
      "n_test": 1200,
      "county": "McLean County, IL  (in-distribution)",
      "label_year": 2024,
      "image_year": 2024
    },
    "XGB_tuned": {
      "accuracy": 0.46166666666666667,
      "kappa": 0.3865147198480532,
      "f1_macro": 0.5007310917000115,
      "f1_weighted": 0.5007310917000115,
      "n_test": 1200,
      "county": "McLean County, IL  (in-distribution)",
      "label_year": 2024,
      "image_year": 2024
    },
    "RF_200": {
      "accuracy": 0.3875,
      "kappa": 0.32122518085270124,
      "f1_macro": 0.45539257496148666,
      "f1_weighted": 0.4553925749614866,
      "n_test": 1200,
      "county": "McLean County, IL  (in-distribution)",
      "label_year": 2024,
      "image_year": 2024
    },
    "GBT": {
      "accuracy": 0.46,
      "kappa": 0.3577799801783945,
      "f1_macro": 0.461452212931549,
      "f1_weighted": 0.4614522129315489,
      "n_test": 1200,
      "county": "McLean County, IL  (in-distribution)",
      "label_year": 2024,
      "image_year": 2024
    }
  },
  "renville": {
    "XGB_base": {
      "accuracy": 0.697,
      "kappa": 0.6388557806912993,
      "f1_macro": 0.758694215105764,
      "f1_weighted": 0.758694215105764,
      "n_test": 1000,
      "county": "Renville County, MN  (out-of-distribution)",
      "label_year": 2024,
      "image_year": 2024
    },
    "XGB_weighted": {
      "accuracy": 0.68,
      "kappa": 0.6194100856327307,
      "f1_macro": 0.7481767402929347,
      "f1_weighted": 0.7481767402929346,
      "n_test": 1000,
      "county": "Renville County, MN  (out-of-distribution)",
      "label_year": 2024,
      "image_year": 2024
    },
    "XGB_tuned": {
      "accuracy": 0.724,
      "kappa": 0.6684286400768862,
      "f1_macro": 0.7770258031836177,
      "f1_weighted": 0.7770258031836175,
      "n_test": 1000,
      "county": "Renville County, MN  (out-of-distribution)",
      "label_year": 2024,
      "image_year": 2024
    },
    "RF_200": {
      "accuracy": 0.478,
      "kappa": 0.4031557283329523,
      "f1_macro": 0.562499826818196,
      "f1_weighted": 0.562499826818196,
      "n_test": 1000,
      "county": "Renville County, MN  (out-of-distribution)",
      "label_year": 2024,
      "image_year": 2024
    },
    "GBT": {
      "accuracy": 0.62,
      "kappa": 0.5363591996095656,
      "f1_macro": 0.6584222254369642,
      "f1_weighted": 0.658422225436964,
      "n_test": 1000,
      "county": "Renville County, MN  (out-of-distribution)",
      "label_year": 2024,
      "image_year": 2024
    }
  }
}