{
  "RF_200": {
    "accuracy": 0.8965287049399199,
    "kappa": 0.8242477411228797,
    "f1_weighted": 0.8915331957745796,
    "f1_macro": 0.830879658718965,
    "n_train": 6001,
    "n_test": 1498,
    "n_features": 42
  },
  "RF_500": {
    "accuracy": 0.8965287049399199,
    "kappa": 0.8242444152431012,
    "f1_weighted": 0.8912954790865089,
    "f1_macro": 0.8299451496176176,
    "n_train": 6001,
    "n_test": 1498,
    "n_features": 42,
    "report": {
      "Other": {
        "precision": 0.8895768833849329,
        "recall": 0.9762174405436014,
        "f1-score": 0.9308855291576674,
        "support": 883.0
      },
      "Corn": {
        "precision": 0.9295774647887324,
        "recall": 0.8354430379746836,
        "f1-score": 0.88,
        "support": 79.0
      },
      "Soybeans": {
        "precision": 0.9125,
        "recall": 0.8111111111111111,
        "f1-score": 0.8588235294117647,
        "support": 90.0
      },
      "Winter_Wheat": {
        "precision": 0.8375,
        "recall": 0.6907216494845361,
        "f1-score": 0.7570621468926554,
        "support": 97.0
      },
      "Dbl_Crop": {
        "precision": 0.9246231155778895,
        "recall": 0.934010152284264,
        "f1-score": 0.9292929292929293,
        "support": 197.0
      },
      "Oats": {
        "precision": 0.9411764705882353,
        "recall": 0.676056338028169,
        "f1-score": 0.7868852459016393,
        "support": 71.0
      },
      "Alfalfa": {
        "precision": 0.8958333333333334,
        "recall": 0.5308641975308642,
        "f1-score": 0.6666666666666666,
        "support": 81.0
      },
      "accuracy": 0.8965287049399199,
      "macro avg": {
        "precision": 0.9043981810961604,
        "recall": 0.7792034181367471,
        "f1-score": 0.8299451496176176,
        "support": 1498.0
      },
      "weighted avg": {
        "precision": 0.8970843063603569,
        "recall": 0.8965287049399199,
        "f1-score": 0.8912954790865089,
        "support": 1498.0
      }
    }
  },
  "GBT": {
    "accuracy": 0.8985313751668892,
    "kappa": 0.8290243252274272,
    "f1_weighted": 0.8946756921109374,
    "f1_macro": 0.8348036663849999,
    "n_train": 6001,
    "n_test": 1498,
    "n_features": 42
  },
  "SVM": {
    "accuracy": 0.8531375166889186,
    "kappa": 0.7763084928245092,
    "f1_weighted": 0.8594388914631914,
    "f1_macro": 0.7931031695792224,
    "n_train": 6001,
    "n_test": 1498,
    "n_features": 42
  },
  "LR": {
    "accuracy": 0.7977303070761015,
    "kappa": 0.705183040298679,
    "f1_weighted": 0.81067678471686,
    "f1_macro": 0.7390992843755262,
    "n_train": 6001,
    "n_test": 1498,
    "n_features": 42
  },
  "MLP_L": {
    "accuracy": 0.8124165554072096,
    "kappa": 0.7188744506057778,
    "f1_weighted": 0.8223388961800832,
    "f1_macro": 0.73722691198269,
    "n_train": 6001,
    "n_test": 1498,
    "n_features": 42
  },
  "XGB": {
    "accuracy": 0.903,
    "kappa": 0.837,
    "f1_weighted": 0.9,
    "f1_macro": 0.843,
    "n_train": 6001,
    "n_test": 1498,
    "n_features": 42
  },
  "MLP_S": {
    "accuracy": 0.812,
    "kappa": 0.72,
    "f1_weighted": 0.823,
    "f1_macro": 0.742,
    "n_train": 6001,
    "n_test": 1498,
    "n_features": 42
  },
  "XGB_base": {
    "accuracy": 0.9032042723631508,
    "kappa": 0.8374573270294823,
    "f1_macro": 0.8433960203929808,
    "f1_weighted": null,
    "n_train": 6001,
    "n_test": 1498,
    "n_features": 42,
    "best_params": null
  },
  "XGB_weighted": {
    "accuracy": 0.9065420560747663,
    "kappa": 0.845594071142171,
    "f1_macro": 0.852539402286648,
    "f1_weighted": null,
    "n_train": 6001,
    "n_test": 1498,
    "n_features": 42,
    "best_params": null,
    "report": {
      "Other": {
        "precision": 0.9176598049837487,
        "recall": 0.9592298980747452,
        "f1-score": 0.937984496124031,
        "support": 883.0
      },
      "Corn": {
        "precision": 0.9090909090909091,
        "recall": 0.8860759493670886,
        "f1-score": 0.8974358974358975,
        "support": 79.0
      },
      "Soybeans": {
        "precision": 0.9111111111111111,
        "recall": 0.9111111111111111,
        "f1-score": 0.9111111111111111,
        "support": 90.0
      },
      "Winter_Wheat": {
        "precision": 0.8352941176470589,
        "recall": 0.7319587628865979,
        "f1-score": 0.7802197802197802,
        "support": 97.0
      },
      "Dbl_Crop": {
        "precision": 0.9336734693877551,
        "recall": 0.9289340101522843,
        "f1-score": 0.9312977099236641,
        "support": 197.0
      },
      "Oats": {
        "precision": 0.8771929824561403,
        "recall": 0.704225352112676,
        "f1-score": 0.78125,
        "support": 71.0
      },
      "Alfalfa": {
        "precision": 0.7857142857142857,
        "recall": 0.6790123456790124,
        "f1-score": 0.7284768211920529,
        "support": 81.0
      },
      "accuracy": 0.9065420560747663,
      "macro avg": {
        "precision": 0.8813909543415727,
        "recall": 0.8286496327690737,
        "f1-score": 0.852539402286648,
        "support": 1498.0
      },
      "weighted avg": {
        "precision": 0.9045344134827953,
        "recall": 0.9065420560747663,
        "f1-score": 0.904379229658072,
        "support": 1498.0
      }
    }
  },
  "XGB_tuned": {
    "accuracy": 0.904539385847797,
    "kappa": 0.8435382298333083,
    "f1_macro": 0.8481626891280433,
    "f1_weighted": 0.9027940222214685,
    "n_train": 6001,
    "n_test": 1498,
    "n_features": 42,
    "best_params": {
      "n_estimators": 476,
      "max_depth": 8,
      "learning_rate": 0.07352145071383649,
      "subsample": 0.8985266636071612,
      "colsample_bytree": 0.7005963757435895,
      "min_child_weight": 6,
      "gamma": 0.012196275376632586,
      "reg_alpha": 0.338622770645381,
      "reg_lambda": 0.16730120695046918
    }
  }
}