{
  "v1": {
    "accuracy": 0.8252793498766507,
    "kappa": 0.7961484348928918,
    "n_features": 9,
    "n_train": 5000
  },
  "v2": {
    "accuracy": 0.846655328798186,
    "kappa": 0.8210883876924449,
    "n_features": 16,
    "n_train": 5000
  },
  "v3": {
    "accuracy": 0.8441155743481324,
    "kappa": 0.818124493890201,
    "n_features": 21,
    "n_train": 5000
  },
  "v4": {
    "accuracy": 0.8717339667458432,
    "kappa": 0.8380377014376701,
    "n_features": 42,
    "n_train": 1660
  },
  "v5": {
    "accuracy": 0.801487414187643,
    "kappa": 0.7684066983275563,
    "n_features": 15,
    "n_train": 5000
  }
}