{
  "v1": {
    "accuracy": 0.7969924812030075,
    "kappa": 0.7599598930481283,
    "n_features": 9,
    "n_train": 523
  },
  "v2": {
    "accuracy": 0.7720588235294118,
    "kappa": 0.7323174603174603,
    "n_features": 16,
    "n_train": 520
  },
  "v3": {
    "accuracy": 0.75,
    "kappa": 0.7061903737178108,
    "n_features": 21,
    "n_train": 528
  },
  "v4": {
    "accuracy": 0.7424242424242424,
    "kappa": 0.6975129743209544,
    "n_features": 38,
    "n_train": 524
  }
}